product_id,naam,slug,merk,categorie,prijs,adviesprijs,voorraad,beoordelingen,beschikbaarheid,afbeelding_url,bron_url,korte_omschrijving,volledige_titel
9300000250840359,Hoofdlamp LED Oplaadbaar – 1000 Lumen,besjaar-hoofdlamp-led-oplaadbaar-1000-lumen,Besjaar,Kamperen & Outdoor,15.99,,25,31,Op voorraad,https://media.s-bol.com/q3joBjM26Drp/oYL69p3/550x357.jpg,https://www.bol.com/nl/nl/p/hoofdlamp-hoofdlamp-led-oplaadbaar-hoofdlampen-hoofdlamp-oplaadbaar-8-led-koplampen-2000-lumen-150-meter-bereik-verstelbaar/9300000250840359/,Hoofdlamp LED oplaadbaar · 8 LED-koplampen · 1000 lumen,Besjaar Hoofdlamp - Hoofdlamp LED oplaadbaar - 8 LED-koplampen - 1000 lumen - 100 meter bereik - Zwart
9300000340409394,Hoofdlamp LED Oplaadbaar – 400 Lumen,besjaar-hoofdlamp-led-oplaadbaar-400-lumen,Besjaar,Kamperen & Outdoor,9.99,15.99,25,31,Op voorraad,https://media.s-bol.com/B4zPjqAkypYo/P7PY456/550x528.jpg,https://www.bol.com/nl/nl/p/hoofdlamp-oplaadbare-led-hoofdlamp-200-lumen-bewegingssensor/9300000340409394/,Met Bewegingssensor · 6 Lichtstanden · 400 Lumen,Besjaar Hoofdlamp LED Oplaadbaar - Met Bewegingssensor - 6 Lichtstanden - 400 Lumen - USB-C
9300000222829255,Krachtige Militaire Zaklamp,besjaar-krachtige-militaire-zaklamp,Besjaar,Kamperen & Outdoor,12.99,,25,507,Op voorraad,https://media.s-bol.com/gOxZEk3MPqxG/82N1Dyo/550x314.jpg,https://www.bol.com/nl/nl/p/besjaar-zaklamp-militaire-zaklamp-2000-lumen-ip65-waterdicht-noodpakket-zwart/9300000222829255/,Krachtige Militaire Zaklamp · IP65 Waterdicht · Werkt op Batterijen,Besjaar zaklamp - Krachtige Militaire Zaklamp – IP65 Waterdicht – Werkt op Batterijen – Voor Buiten & Noodpakket
9300000331625480,Lichtgewicht Hoofdlamp LED Oplaadbaar,besjaar-lichtgewicht-hoofdlamp-led-oplaadbaar,Besjaar,Kamperen & Outdoor,9.99,15.99,25,31,Op voorraad,https://media.s-bol.com/D3k3VmDPlE36/WLk4w2X/550x550.jpg,https://www.bol.com/nl/nl/p/hoofdlamp-oplaadbare-led-hoofdlamp-6-lichtstanden-1000-lumen-bewegingssensor/9300000331625480/,Bewegingssensor · 6 Lichtstanden · 500 Lumen,Besjaar Lichtgewicht Hoofdlamp LED Oplaadbaar - Bewegingssensor - 6 Lichtstanden - 500 Lumen - USB-C
9300000169890829,Militaire Zaklamp – 2000 Lumen,besjaar-militaire-zaklamp-2000-lumen,Besjaar,Kamperen & Outdoor,15.99,,25,507,Op voorraad,https://media.s-bol.com/qNOLo50ovQWy/jZXLx2P/550x540.jpg,https://www.bol.com/nl/nl/p/besjaar-zaklamp-militaire-zaklamp-kinderen-volwassenen-zaklamp-militaire-1200-lumen-waterproof-zwart-2-stuks/9300000169890829/,Militaire Zaklamp · 2 Stuks Zaklampen · 2000 Lumen,Besjaar Zaklamp - Militaire Zaklamp - 2 Stuks Zaklampen - 2000 Lumen - IP65 Waterdicht - Zwart
9300000180841337,Militaire Zaklamp – incl. Batterijen,besjaar-militaire-zaklamp-incl-batterijen,Besjaar,Kamperen & Outdoor,19.99,,25,507,Op voorraad,https://media.s-bol.com/YJLyX5Ajqr9Y/31G1g5A/547x840.jpg,https://www.bol.com/nl/nl/p/besjaar-zaklamp-militaire-zaklampen-kinderen-volwassenen-1200-lumen-waterdicht-zwart-2-stuks-inclusief-batterijen/9300000180841337/,Militaire Zaklamp · 2000 Lumen · Waterdicht,Besjaar® Zaklamp - Militaire Zaklamp - 2000 Lumen - Waterdicht - Zwart - 2 stuks - Inclusief Batterijen - Set - Noodpakket
9300000222856856,Militaire Zaklamp – op Batterijen,besjaar-militaire-zaklamp-op-batterijen,Besjaar,Kamperen & Outdoor,17.99,,25,507,Op voorraad,https://media.s-bol.com/qqV78556k6gG/jRKZN65/550x455.jpg,https://www.bol.com/nl/nl/p/besjaar-zaklamp-militaire-zaklamp-zaklamp-op-batterijen-2000-lumen-ip65-waterdicht-noodpakket-zwart/9300000222856856/,Militaire Zaklamp · zaklamp op batterijen · 2000 Lumen,Besjaar Zaklamp - Militaire Zaklamp - zaklamp op batterijen - 2000 Lumen - IP65 Waterdicht - Noodpakket - Zwart
9300000256584157,Opwindbare Zaklamp,besjaar-opwindbare-zaklamp,Besjaar,Kamperen & Outdoor,9.99,,25,507,Op voorraad,https://media.s-bol.com/VRg2A80PzKKz/zmGG4Vm/550x549.jpg,https://www.bol.com/nl/nl/p/opwindbare-zaklamp-dynamo-oplaadbaar-zonder-batterijen-zaklamp-noodpakket-camping-noodverlichting-besjaar/9300000256584157/,Dynamo Oplaadbaar zonder Batterijen · Knijpkat · zaklamp noodpakket,Besjaar Opwindbare Zaklamp – Dynamo Oplaadbaar zonder Batterijen – Knijpkat – zaklamp noodpakket – Noodverlichting
9300000340649185,UV Zaklamp Blacklight,besjaar-uv-zaklamp-blacklight,Besjaar,Kamperen & Outdoor,19.99,39.99,25,0,Op voorraad,https://media.s-bol.com/745wBvrG8VPr/BNJk2QN/550x550.jpg,https://www.bol.com/nl/nl/p/uv-lamp-xxl-uv-zaklamp-100-ultraviolet-led-s-blacklight-zaklamp-detector-urine-vals-geld-overige-vlekken-395nm-batterijen-zijn-niet-inbegrepen/9300000340649185/,UV Zaklamp Blacklight · Urine en Valsgelddetector · Aluminum,Besjaar UV Lamp - UV Zaklamp Blacklight - Urine en Valsgelddetector - Aluminum
9300000232295113,Zaklamp LED Oplaadbaar – 10000 Lumen,besjaar-zaklamp-led-oplaadbaar-10000-lumen,Besjaar,Kamperen & Outdoor,59.99,,25,507,Op voorraad,https://media.s-bol.com/qNPDGL7LBWKr/xnQwNnz/550x550.jpg,https://www.bol.com/nl/nl/p/besjaar-zaklamp-led-oplaadbaar-zaklamp-5200mah-batterij-10000-lumen-usb-c-oplaadbaar-militaire-zaklamp-zaklamp-militaire-ip65-waterdicht-noodpakket/9300000232295113/,Zaklamp · 5200mAh Batterij · 10000 Lumen,Besjaar® Zaklamp LED Oplaadbaar - Zaklamp - 5200mAh Batterij - 10000 Lumen - USB-C Oplaadbaar - Militaire Zaklamp - Zaklamp Militaire - IP65 Waterdicht - Noodpakket
9300000256301394,Zaklamp LED Oplaadbaar – 1200 Lumen,besjaar-zaklamp-led-oplaadbaar-1200-lumen,Besjaar,Kamperen & Outdoor,11.99,20.00,25,507,Op voorraad,https://media.s-bol.com/BqkL6pzoxOy2/j233XyP/550x600.jpg,https://www.bol.com/nl/nl/p/rynex-led-zaklamp-3000-lumen-oplaadbare-zaklamp-met-lcd-display-zoombaar-waterdicht-noodverlichting/9300000256301394/,Zaklamp noodpakket · 1200 Lumen · ingboude opladerbare batterijen,Besjaar Zaklamp led oplaadbaar - Zaklamp noodpakket - 1200 Lumen - ingboude opladerbare batterijen - waterdicht - camping
9300000169891054,Zaklamp LED Oplaadbaar – 5000 Lumen,besjaar-zaklamp-led-oplaadbaar-5000-lumen,Besjaar,Kamperen & Outdoor,25.64,26.99,25,507,Op voorraad,https://media.s-bol.com/gzAMGlxP2jQj/q7gDG4G/550x504.jpg,https://www.bol.com/nl/nl/p/besjaar-zaklamp-led-oplaadbaar-militaire-zaklamp-3000-lumen-inclusief-opladerbare-batterijen-kabel-usb-oplaadbaar-waterdicht-camping/9300000169891054/,Militaire zaklamp · 5000 Lumen · USB-C oplaadbaar,Besjaar Zaklamp LED Oplaadbaar - Militaire zaklamp - 5000 Lumen - USB-C oplaadbaar- inclusief opladerbare batterijen en kabel- waterdicht - camping
9300000184166461,Zaklamp LED Oplaadbaar – 7400 Lumen,besjaar-zaklamp-led-oplaadbaar-7400-lumen,Besjaar,Kamperen & Outdoor,34.99,39.99,25,507,Op voorraad,https://media.s-bol.com/JnR64Pz2lvOl/AD22R9B/550x616.jpg,https://www.bol.com/nl/nl/p/besjaar-zaklamp-zaklamp-led-oplaadbaar-5200mah-batterij-3000-lumen-usb-c-oplaadbaar-militaire-zaklamp-zaklamp-militaire-waterproof-ip65/9300000184166461/,Zaklamp LED Oplaadbaar · 5200mAh Batterij · 7400 Lumen,Besjaar Zaklamp - Zaklamp LED Oplaadbaar - 5200mAh Batterij - 7400 Lumen - USB-C Oplaadbaar - Militaire zaklamp - IP65 Waterproof - Noodpakket
9300000184166498,Zaklamp LED Oplaadbaar – 7800 Lumen,besjaar-zaklamp-led-oplaadbaar-7800-lumen,Besjaar,Kamperen & Outdoor,34.99,39.99,25,507,Op voorraad,https://media.s-bol.com/nAoDEr7VzEXW/kRllnAJ/550x734.jpg,https://www.bol.com/nl/nl/p/besjaar-zaklamp-zaklamp-led-oplaadbaar-5000mah-batterij-3000-lumen-usb-c-oplaadbaar-militaire-zaklamp-zaklamp-militaire-waterproof-ip65/9300000184166498/,Zaklamp LED Oplaadbaar · 5000mAh Batterij · 7800 Lumen,Besjaar Zaklamp - Zaklamp LED Oplaadbaar - 5000mAh Batterij - 7800 Lumen - USB-C Oplaadbaar - Militaire zaklamp - IP65 Waterdicht - Noodpakket
9300000184166467,Zaklamp LED Oplaadbaar – 9000 Lumen,besjaar-zaklamp-led-oplaadbaar-9000-lumen,Besjaar,Kamperen & Outdoor,39.99,49.95,25,507,Op voorraad,https://media.s-bol.com/N4VWRpr32wj8/QnovQ4Y/550x600.jpg,https://www.bol.com/nl/nl/p/besjaar-zaklamp-zaklamp-led-oplaadbaar-5200mah-batterij-3000-lumen-usb-c-oplaadbaar-militaire-zaklamp-zaklamp-militaire-waterproof-ip65/9300000184166467/,Zaklamp · 5200mAh Batterij · 9000 Lumen,Besjaar® Zaklamp LED Oplaadbaar - Zaklamp - 5200mAh Batterij - 9000 Lumen - USB-C Oplaadbaar - Militaire Zaklamp - Zaklamp Militaire - IP65 Waterdicht - Noodpakket
9300000227310512,Zaklamp met Ingebouwde Accu,besjaar-zaklamp-met-ingebouwde-accu,Besjaar,Kamperen & Outdoor,11.99,19.99,25,507,Op voorraad,https://media.s-bol.com/mmD5ozPW4ljp/OYvlvNQ/550x555.jpg,https://www.bol.com/nl/nl/p/besjaar-zaklamp-led-oplaadbaar-militaire-zaklamp-2500-lumen-ip65-waterdicht-cob-verlichting/9300000227310512/,Zaklamp LED Oplaadbaar · IP67 Waterdicht · COB Verlichting,Besjaar Zaklamp met ingebouwde accu - Zaklamp LED Oplaadbaar - IP67 Waterdicht - COB Verlichting - Zwart
9300000233170088,Douchefilter,besjaar-douchefilter,Besjaar,Badkamer,11.99,,25,401,Op voorraad,https://media.s-bol.com/B069078mykrk/nZg28Q5/550x831.jpg,https://www.bol.com/nl/nl/p/besjaar-douchefilter-waterfilter-voor-douchekop-model-1002025-2-stuks-filters-wit/9300000233170088/,Waterfilter Voor Douchekop · Model 1002026 · 2 Stuks filters,Besjaar Douchefilter - Waterfilter Voor Douchekop - Model 1002026 - 2 Stuks filters - Wit
9300000354153803,Douchekop,besjaar-douchekop,Besjaar,Badkamer,15.99,,25,401,Op voorraad,https://media.s-bol.com/74oV28RN7zEB/XLyqDyW/550x560.jpg,https://www.bol.com/nl/nl/p/besjaar-douchekop-regendouche-wellness-3-sproeistanden-hoge-druk-betere-huid-handdouche-luxe-moderne-handdouche-chrome/9300000354153803/,Regendouche · Wellness · 3 Sproeistanden,Besjaar Douchekop - Regendouche - Wellness - 3 Sproeistanden - Hoge Druk - Betere Huid - Handdouche - Luxe Moderne Handdouche - Chrome
9300000187428486,Douchekop met Slang – 10 Sproeistanden,besjaar-douchekop-met-slang-10-sproeistanden,Besjaar,Badkamer,29.99,,25,401,Op voorraad,https://media.s-bol.com/mxZ9Llw1Y869/zmxDWKy/550x555.jpg,https://www.bol.com/nl/nl/p/besjaar-douchekop-met-slang-douchekop-regendouche-wellness-3-sproeistanden-hoge-druk-betere-huid-handdouche-luxe-moderne-handdouche-chrome/9300000187428486/,Hoge Druk met Filter · 10 Sproeistanden · Regendouche,Besjaar Douchekop met Slang – Hoge Druk met Filter – 10 Sproeistanden - Regendouche – Waterbesparende Handdouche – Zilver
9300000172651304,Douchekop met Slang – 3 Sproeistanden,besjaar-douchekop-met-slang-3-sproeistanden,Besjaar,Badkamer,29.99,,25,401,Op voorraad,https://media.s-bol.com/B4D9jvKXX9QX/oV37E1Y/550x598.jpg,https://www.bol.com/nl/nl/p/besjaar-douchekop-regendouche-douchekop-met-slang-wellness-3-sproeistanden-hoge-druk-betere-huid-handdouche-luxe-moderne-handdouche-chrome/9300000172651304/,Douchekop · Regendouche · Wellness,Besjaar Douchekop met Slang - Douchekop - Regendouche - Wellness - 3 Sproeistanden - Hoge Druk - Betere Huid - Handdouche - Luxe Moderne Handdouche - Chrome
9300000187428785,Hoge Druk Douchekop met Filter,besjaar-hoge-druk-douchekop-met-filter,Besjaar,Badkamer,27.98,,25,401,Op voorraad,https://media.s-bol.com/g3rNqx0Vp1Ej/MQwz5pP/550x550.jpg,https://www.bol.com/nl/nl/p/besjaar-douchekop-regendouche-wellness-3-sproeistanden-hoge-druk-betere-huid-handdouche-luxe-moderne-handdouche-chrome/9300000187428785/,Model: 1002025 · 10 Sproeistanden · Waterbesparende,Besjaar Hoge Druk Douchekop met Filter – Model: 1002025 – 10 Sproeistanden – Waterbesparende – Zilver
9300000228468493,Airstyler,lynex-airstyler,LYNEX,Persoonlijke verzorging,83.37,89.99,25,8,Op voorraad,https://media.s-bol.com/gj6OB26WVYOj/jRjy7gl/550x576.jpg,https://www.bol.com/nl/nl/p/lynex-airstyler-krultang-7-in-1-multistyler-fohnborstel-7-in-1-multi-styler-2025-model-stijltang-hairwrap-haardroger-met-borstel-wit-goud-met-handshonen/9300000228468493/,Krultang 7 in 1 · Multistyler · Föhnborstel,LYNEX Airstyler - Krultang 7 in 1 - Multistyler - Föhnborstel - 7 in 1 multi styler- Airstyler - 2025 model - Stijltang - Hairwrap - Haardroger met Borstel - Wit/Goud met handshonen
9300000340563303,Airstyler Krultang 5 in 1,besjaar-airstyler-krultang-5-in-1,Besjaar,Persoonlijke verzorging,49.99,,25,2,Op voorraad,https://media.s-bol.com/mJVl3q59k08O/1WQ1NRG/550x563.jpg,https://www.bol.com/nl/nl/p/besjaar-airstyler-krultang-5-in-1-multistyler-fohnborstel-5-in-1-multi-styler-2026-model-stijltang-hairwrap-haardroger-met-borstel-wit-goud-met-handshonen/9300000340563303/,Multistyler Föhnborstel · 5 in 1 multi styler · 2026 model,Besjaar Airstyler Krultang 5 in 1 - Multistyler Föhnborstel - 5 in 1 multi styler- 2026 model - Stijltang - Hairwrap - Haardroger met Borstel - Wit/Goud met handshonen
9300000340644974,Massage Gun,rynex-massage-gun,RYNEX,Persoonlijke verzorging,19.99,29.99,25,0,Op voorraad,https://media.s-bol.com/oL0Bz1A5kDZ3/K19zmEM/550x552.jpg,https://www.bol.com/nl/nl/p/massage-gun-mini-professioneel-massage-apparaat-massageapparaat-massagegun-massage-pistool-zwart-rynex/9300000340644974/,6 snelheden · 4 opzetstukken · Opbergkoffer,Rynex Massage Gun - 6 snelheden - 4 opzetstukken - Opbergkoffer
9300000340550774,Multistyler,besjaar-multistyler,Besjaar,Persoonlijke verzorging,49.99,,25,2,Op voorraad,https://media.s-bol.com/mJVL172LZWZO/wVRWD9X/550x556.jpg,https://www.bol.com/nl/nl/p/besjaar-multistyler-airstyler-fohnborstels-krulborstel-krultang-5-in-1-krultang-stijltang-hairwrap-haardroger-met-borstel-nieuwe-versie-2026/9300000340550774/,airstyler · fohnborstels · krulborstel,Besjaar multistyler - airstyler - fohnborstels - krulborstel - krultang 5 in 1 - krultang -stijltang - hairwrap - Haardroger met Borstel - Nieuwe Versie 2026
9300000285211786,Neusstrips,rynex-neusstrips,RYNEX,Persoonlijke verzorging,19.99,,25,0,Op voorraad,https://media.s-bol.com/qv0BOkBgJRP2/voMgVWV/550x621.jpg,https://www.bol.com/nl/nl/p/neusstrips-30-stuks-anti-snurk-pleisters-neusspreider-beter-slapen-anti-snurk-rynex/9300000285211786/,30 Stuks · Anti Snurk Pleisters · Neusspreider,Neusstrips - 30 Stuks - Anti Snurk Pleisters - Neusspreider - Beter Slapen - Anti Snurk - Rynex
9300000283815777,Pimple Patch,rynex-pimple-patch,RYNEX,Persoonlijke verzorging,11.99,,25,1,Op voorraad,https://media.s-bol.com/B509LqzW7nZY/W7EBMAQ/550x559.jpg,https://www.bol.com/nl/nl/p/pimple-patch-acne-hyrdocolloid-puisten-verwijderaar-sticker-144-stuks-rynex/9300000283815777/,Acne · Hyrdocolloid · Puisten Verwijderaar,Pimple Patch - Acne - Hyrdocolloid - Puisten Verwijderaar - Sticker - 144 stuks - Rynex
9300000236952554,Thermal Brush,lynex-thermal-brush,LYNEX,Persoonlijke verzorging,36.99,39.99,25,8,Op voorraad,https://media.s-bol.com/w44rqPL5LLNM/2RgozJK/550x567.jpg,https://www.bol.com/nl/nl/p/lynex-thermal-brush-keramische-warmteborstel-airstyler-haardroger-fohnborstel-en-airstyler-alternatief-krulborstel-en-stijlborstel-in-1-krultang/9300000236952554/,Keramische Warmteborstel · Airstyler · Haardroger,LYNEX Thermal Brush - Keramische Warmteborstel - Airstyler - Haardroger - Fohnborstel en Airstyler Alternatief - Krulborstel en Stijlborstel in 1 - Krultang
9300000224540054,Sigarettendoosje – Zilver,besjaar-sigarettendoosje-zilver,Besjaar,Lifestyle & Accessoires,9.99,,25,33,Op voorraad,https://media.s-bol.com/x4BzYw1G2QO9/y8mDPKR/511x840.jpg,https://www.bol.com/nl/nl/p/besjaar-sigarettendoosje-zwart-aluminium-sigarettenhouder-weerbestendig-stevige-en-luxe-sigarettendoosjes/9300000224540054/,Zilver · Aluminium · Sigarettenhouder,Besjaar Sigarettendoosje - Zilver - Aluminium - Sigarettenhouder - Weerbestendig - Stevige en Luxe Sigarettendoosjes
9300000235047850,Sigarettendoosjes met Aansteker,besjaar-sigarettendoosjes-met-aansteker,Besjaar,Lifestyle & Accessoires,15.99,,25,23,Op voorraad,https://media.s-bol.com/RA4pjoDn16AL/58zjvLq/550x610.jpg,https://www.bol.com/nl/nl/p/sigarettenhouder-sigaretten-box-sigaretten-doosje-met-aansteker-sigaretten-opbergdoosje-sigaretten-doosje-20-stuks-sigaretten-koker-sigaretten-doosje-metaal-sigaretten-doosje-zwart-sigaretten-etui-focus-usb-kabel/9300000235047850/,Sigaretten Box · Aluminium · Weerbestendig,Besjaar Sigarettendoosjes met aansteker - Sigaretten Box - Aluminium - Weerbestendig - Stevig en Luxe
9300000137068350,Sigarettendoosjes met Aansteker – Goud,besjaar-sigarettendoosjes-met-aansteker-goud,Besjaar,Lifestyle & Accessoires,15.99,,25,23,Op voorraad,https://media.s-bol.com/qBPg5pAjNWwD/g59vqq6/550x606.jpg,https://www.bol.com/nl/nl/p/sigarettenhouder-sigaretten-box-sigaretten-doosje-met-aansteker-sigaretten-opbergdoosje-sigaretten-doosje-20-stuks-sigaretten-koker-sigaretten-doosje-metaal-sigaretten-doosje-zilver-sigaretten-etui-focus-usb-kabul/9300000137068350/,Sigaretten Box · Aluminium · Weerbestendig,Besjaar Sigarettendoosjes met aansteker - Sigaretten Box - Aluminium - Weerbestendig - Stevig en Luxe - Goud
9300000134556458,Sigarettendoosjes met Aansteker – Zilver,besjaar-sigarettendoosjes-met-aansteker-zilver,Besjaar,Lifestyle & Accessoires,15.99,,25,23,Op voorraad,https://media.s-bol.com/mxL1nnREB500/r0lKGAW/550x610.jpg,https://www.bol.com/nl/nl/p/sigarettenhouder-sigaretten-box-sigaretten-doosje-met-aansteker-sigaretten-opbergdoosje-sigaretten-doosje-20-stuks-sigaretten-koker-sigaretten-doosje-metaal-sigaretten-doosje-zilver-sigaretten-etui-focus-usb-kabul/9300000134556458/,Sigaretten Box · Aluminium · Weerbestendig,Besjaar Sigarettendoosjes met aansteker - Sigaretten Box - Aluminium - Weerbestendig - Stevig en Luxe - Zilver
9300000235049605,Sigarettendoosjes – Goud,besjaar-sigarettendoosjes-goud,Besjaar,Lifestyle & Accessoires,9.99,,25,33,Op voorraad,https://media.s-bol.com/NA2KzrVvp8Mz/k5olQvv/524x840.jpg,https://www.bol.com/nl/nl/p/besjaar-sigarettendoosjes-sigarettenhouder-sigaretten-box-goud-aluminium-weerbestendig-stevig-en-luxe/9300000235049605/,Sigarettenhouder · Sigaretten Box · Goud,Besjaar Sigarettendoosjes - Sigarettenhouder - Sigaretten Box - Goud- Aluminium - Weerbestendig - Stevig en Luxe
9300000187838168,Sigarettendoosjes – Zwart,besjaar-sigarettendoosjes-zwart,Besjaar,Lifestyle & Accessoires,9.99,,25,33,Op voorraad,https://media.s-bol.com/x4BzQr6O0wQB/Mj92jlA/536x840.jpg,https://www.bol.com/nl/nl/p/besjaar-sigarettendoosjes-sigarettenhouder-met-aansteker-sigaretten-box-zwart-aluminium-weerbestendig-stevig-en-luxe/9300000187838168/,Sigaretten Box · Aluminium · Weerbestendig,Besjaar Sigarettendoosjes - Sigaretten Box - Aluminium - Weerbestendig - Stevig en Luxe - Zwart
9300000235047946,Sigarettendoosjes – Zwart (art. 7946),besjaar-sigarettendoosjes-zwart-art-7946,Besjaar,Lifestyle & Accessoires,9.99,,25,23,Op voorraad,https://media.s-bol.com/NA1jmpm2rgoL/Y652RLn/550x602.jpg,https://www.bol.com/nl/nl/p/sigarettenhouder-sigaretten-box-sigaretten-doosje-zwart-sigaretten-opbergdoosje-sigaretten-doosje-20-stuks-sigaretten-doosje-metaal-sigaretten-etui-focus/9300000235047946/,Sigarettenhouder · Aluminium · Weerbestendig,Besjaar Sigarettendoosjes - Sigarettenhouder- Aluminium - Weerbestendig - Stevig en Luxe - Zwart
9300000183429595,Deurbel Draadloos – 2 Ontvangers,besjaar-deurbel-draadloos-2-ontvangers,Besjaar,Klussen & Huis,22.50,,25,166,Op voorraad,https://media.s-bol.com/3WoO7BgV3Av4/3Q7PpNr/550x550.jpg,https://www.bol.com/nl/nl/p/deurbel-draadloze-deurbel-deurbel-draadloos-2-ontvangers-deurbellen-bel-beldrukker-zwart-ip44-waterdicht-inclusief-batterijen-bereik-300-meter/9300000183429595/,Deurbel Draadloos · Draadloze Deurbel · Met 2 Ontvangers,Besjaar Deurbel - Deurbel Draadloos - Draadloze Deurbel - Met 2 Ontvangers - Ontvangers Op Batterijen - Beldrukker - Inclusief Batterijen - IP44 Waterdicht - Zwart
9300000227825516,Deurbel Draadloos – Zwart,besjaar-deurbel-draadloos-zwart,Besjaar,Klussen & Huis,15.99,,25,166,Op voorraad,https://media.s-bol.com/R9ZjvKlkq8QO/ZYAvOX2/550x511.jpg,https://www.bol.com/nl/nl/p/besjaar-deurbel-deurbel-draadloos-draadloze-deurbel-ontvanger-op-batterijen-beldrukker-inclusief-batterijen-ip44-waterdicht-zwart/9300000227825516/,deurbel draadloos · Draadloze Deurbel · Inclusief Batterijen,Besjaar Deurbel - deurbel draadloos - Draadloze Deurbel - Inclusief Batterijen - Deurbellen - IP44 Waterdicht - Zwart
9300000308086823,Muizenval – 6 Stuks,rynex-muizenval-6-stuks,RYNEX,Klussen & Huis,12.99,,25,26,Op voorraad,https://media.s-bol.com/NqVpAz6484ND/gL38JOj/550x553.jpg,https://www.bol.com/nl/nl/p/rynex-muizenval-6-stuks-muizenvallen-voor-binnen-en-buiten-muizengif-alternatief/9300000308086823/,6 stuks · muizenvallen voor binnen en buiten · muizengif alternatief,Rynex muizenval - 6 stuks - muizenvallen voor binnen en buiten - muizengif alternatief
9300000250814270,"Muizenval – 6 Stuks, Muizenklem",rynex-muizenval-6-stuks-muizenklem,RYNEX,Klussen & Huis,12.99,,25,26,Op voorraad,https://media.s-bol.com/7RlmxB4RjBG8/Mjp2y9A/550x555.jpg,https://www.bol.com/nl/nl/p/rynex-muizenval-muizenvallen-voor-binnen-en-buiten-6-stuks-muizenklem-muizengif-alternatief/9300000250814270/,Muizenvallen voor binnen en buiten · 6 stuks · Muizenklem,Rynex Muizenval - Muizenvallen voor binnen en buiten - 6 stuks - Muizenklem - Muizengif Alternatief
9300000285266932,3x USB-C naar USB-A Adapter OTG 3.0,rynex-3x-usb-c-naar-usb-a-adapter-otg-3-0,RYNEX,Elektronica & Accessoires,7.99,9.99,25,0,Op voorraad,https://media.s-bol.com/xX51N2DozW6B/K1YJB9n/550x533.jpg,https://www.bol.com/nl/nl/p/rynex-3x-usb-c-naar-usb-a-adapter-otg-3-0-usb-c-naar-usb-adapter-converter-usb-a-female-zwart/9300000285266932/,USB-C naar USB Adapter · Converter USB-A Female · Zwart,Rynex 3x USB-C naar USB-A Adapter OTG 3.0 - USB-C naar USB Adapter - Converter USB-A Female - Zwart
9300000256297892,Aluminium Laptop Standaard,rynex-aluminium-laptop-standaard,RYNEX,Elektronica & Accessoires,12.99,,25,5,Op voorraad,https://media.s-bol.com/np5KjjKRq695/voQAP3V/550x557.jpg,https://www.bol.com/nl/nl/p/rynex-laptop-standaard-verstelbaar-ergonomische-laptopstandaard-voor-thuis-kantoor-zilver/9300000256297892/,Verstelbaar · voor Thuis & Kantoor · Ergonomische Laptopstand,Rynex Aluminium Laptop Standaard – Verstelbaar – voor Thuis & Kantoor– Ergonomische Laptopstand – Zilver
9300000248298535,SD Kaart Lezer,rynex-sd-kaart-lezer,RYNEX,Elektronica & Accessoires,9.99,,25,23,Op voorraad,https://media.s-bol.com/RzPyGN6xK5DL/Wn4xlnv/550x456.jpg,https://www.bol.com/nl/nl/p/cardreaders-sd-kaart-lezer-sd-card-reader-3-in-1-sd-kaartlezer-sd-kaartlezer-usb-c-inclusief-usb-c-naar-usb-a-converter-universeel-rynex/9300000248298535/,3 in 1 SD/TF/USB 3.0 Kaartlezer USB C · Universeel Cardreaders · Inclusief Converter,Rynex SD Kaart Lezer - 3 in 1 SD/TF/USB 3.0 Kaartlezer USB C - Universeel Cardreaders - Inclusief Converter
9300000256590825,Telefoonhouder Fiets,rynex-telefoonhouder-fiets,RYNEX,"Auto, Fiets & Reizen",15.19,15.99,25,17,Op voorraad,https://media.s-bol.com/8JnL1Jog1n0o/Q0J58Q7/550x511.jpg,https://www.bol.com/nl/nl/p/rynex-universele-fiets-telefoonhouder-360-rotatie-anti-shock-vibratie-voor-fiets-scooter-motor-smartphone-houder-iphone-android-stevig-veilig/9300000256590825/,Scooter en Motor · Gsm Houder Fiets · 360° Rotatie,RYNEX Telefoonhouder Fiets - Scooter en Motor - Gsm Houder Fiets - 360° Rotatie - Anti-Shock en Vibratie
9300000256585397,Telefoonhouders Auto Ventilatie,rynex-telefoonhouders-auto-ventilatie,RYNEX,"Auto, Fiets & Reizen",15.99,,25,15,Op voorraad,https://media.s-bol.com/q31J2yq7Gm97/zKpBp7Z/550x552.jpg,https://www.bol.com/nl/nl/p/rynex-auto-telefoonhouder-ventilatierooster-universele-smartphone-car-mount-360-draaibaar-stevig/9300000256585397/,GSM Houder auto · 360° Draaibaar en Stevig · Universeel,RYNEX Telefoonhouders Auto Ventilatie – GSM Houder auto – 360° Draaibaar en Stevig – Universeel
9300000255599026,Universele Wereldstekker,rynex-universele-wereldstekker,RYNEX,"Auto, Fiets & Reizen",15.99,,25,10,Op voorraad,https://media.s-bol.com/xXZ8qrwROo5l/Mw0xxB3/550x491.jpg,https://www.bol.com/nl/nl/p/rynex-universele-wereldstekker-reisstekker-usb-stekker-usb-c-en-usb-poort-wereldstekker-universeel-voor-150-landens-zwart/9300000255599026/,Reisstekker · USB stekker · USB-C en USB Poort,RYNEX Universele Wereldstekker- Reisstekker - USB stekker - USB-C en USB Poort - Wereldstekker Universeel voor 150+ landens - Zwart
9300000340650998,Kweeklamp LED voor Planten,besjaar-kweeklamp-led-voor-planten,Besjaar,Tuin,29.99,,25,0,Op voorraad,https://media.s-bol.com/gzAMWR2JR89D/q7g6RpD/550x550.jpg,https://www.bol.com/nl/nl/p/kweeklamp-led-full-spectrum-grow-light-kweeklampen-groeilamp-led-wit-licht-groei-en-bloei-80-leds-40w-besjaar/9300000340650998/,Grow Light · Kweeklampen · Groeilamp,Kweeklamp LED voor Planten - Grow Light - Kweeklampen - Groeilamp - 4 Stuks - 80 LED's - 40W - Besjaar
9300000229547364,Solar Buitenverlichting,besjaar-solar-buitenverlichting,Besjaar,Tuin,19.99,,25,27,Op voorraad,https://media.s-bol.com/gj8M0z5rEvO6/wpD9yQX/550x544.jpg,https://www.bol.com/nl/nl/p/besjaar-buitenlamp-met-bewegingssensor-buitenverlichting-zonne-energie-wandlamp-buiten-sensor-solar-dag-nacht-sensor-zwart-helder-licht-zonne-energie-led-schijnwerper-bewegingssensor-en-los-zonnepaneel/9300000229547364/,Buitenlamp met Bewegingssensor · Wandlamp Tuinverlichting · IP65 Waterdicht,Besjaar Solar Buitenverlichting - Buitenlamp met Bewegingssensor - Wandlamp Tuinverlichting - IP65 Waterdicht - 1000 Lumen - 5m Kabel
9300000340646709,Keukenweegschaal Digitaal – incl. Batterijen,rynex-keukenweegschaal-digitaal-incl-batterijen,RYNEX,Koken & Tafelen,9.99,15.99,25,4,Op voorraad,https://media.s-bol.com/xXZ32O3rl4pP/xnQJ4Er/550x557.jpg,https://www.bol.com/nl/nl/p/keukenweegschaal-digitaal-precisie-weegschaal-keuken-1g-5kg-waterdicht-inclusief-batterijen-rynex/9300000340646709/,Precisie Weegschaal Keuken · Tot 10kg · LCD-Scherm,Rynex Keukenweegschaal Digitaal - Precisie Weegschaal Keuken - Tot 10kg - LCD-Scherm - Tarra functie - Inclusief batterijen
9300000340648002,Keukenweegschaal Digitaal – tot 10 kg,rynex-keukenweegschaal-digitaal-tot-10-kg,RYNEX,Koken & Tafelen,9.99,,25,4,Op voorraad,https://media.s-bol.com/J5VoNrx9GmvD/nxDv4jE/550x551.jpg,https://www.bol.com/nl/nl/p/keukenweegschaal-digitaal-precisie-weegschaal-keuken-1g-10kg-waterdicht-inclusief-batterijen-rynex/9300000340648002/,Tot 10kg · Tarrafunctie · Met batterijen,Rynex Keukenweegschaal Digitaal - Tot 10kg - Tarrafunctie - Met batterijen
9300000340642206,Twinmarkers 168 Stuks,rynex-twinmarkers-168-stuks,RYNEX,Creatief & Hobby,39.99,,25,4,Op voorraad,https://media.s-bol.com/K42o3LOB32OM/1W3E3lV/550x549.jpg,https://www.bol.com/nl/nl/p/twinmarkers-168-stuks-voor-volwassenen-alcohol-markers-stiften-markeerstiften-rynex/9300000340642206/,Dubbelzijdige Alcohol Markers,Rynex Twinmarkers 168 stuks - Dubbelzijdige Alcohol Markers
9300000340643352,Twinmarkers 80 Stuks,rynex-twinmarkers-80-stuks,RYNEX,Creatief & Hobby,15.99,29.99,25,4,Op voorraad,https://media.s-bol.com/1Rl86MQmqmpR/ROD6YYE/550x549.jpg,https://www.bol.com/nl/nl/p/twinmarkers-80-stuks-voor-volwassenen-alcohol-markers-stiften-markeerstiften-rynex/9300000340643352/,Dubbelzijdige Alcohol Markers,Rynex Twinmarkers 80 stuks - Dubbelzijdige Alcohol Markers
